word,count,relative_use
limited,3,0.000265064499028
practicability,2,0.000176709666019
brevet,1,8.83548330094e-05
inadequacy,1,8.83548330094e-05
assembles,1,8.83548330094e-05
desirable,1,8.83548330094e-05
needful,1,8.83548330094e-05
advices,3,0.000265064499028
facilities,1,8.83548330094e-05
wholly,1,8.83548330094e-05
integrity,2,0.000176709666019
assembled,2,0.000176709666019
aggression,1,8.83548330094e-05
whose,4,0.000353419332037
effectually,1,8.83548330094e-05
tehuantepec,4,0.000353419332037
presents,1,8.83548330094e-05
under,23,0.00203216115922
dissolution,1,8.83548330094e-05
oceans,5,0.000441774165047
railways,1,8.83548330094e-05
connects,2,0.000176709666019
appropriation,3,0.000265064499028
every,16,0.00141367732815
bringing,1,8.83548330094e-05
vast,2,0.000176709666019
four,1,8.83548330094e-05
disturb,3,0.000265064499028
companies,1,8.83548330094e-05
admissible,1,8.83548330094e-05
extinguishment,1,8.83548330094e-05
enjoy,2,0.000176709666019
charter,1,8.83548330094e-05
force,3,0.000265064499028
estimates,3,0.000265064499028
direct,3,0.000265064499028
likely,1,8.83548330094e-05
even,1,8.83548330094e-05
established,5,0.000441774165047
settlement,1,8.83548330094e-05
deliberate,1,8.83548330094e-05
solemn,1,8.83548330094e-05
panama,7,0.000618483831066
asia,1,8.83548330094e-05
abides,1,8.83548330094e-05
above,3,0.000265064499028
toll,1,8.83548330094e-05
new,31,0.00273899982329
increasing,3,0.000265064499028
ever,3,0.000265064499028
harbors,4,0.000353419332037
deemed,5,0.000441774165047
avert,1,8.83548330094e-05
men,1,8.83548330094e-05
here,2,0.000176709666019
met,1,8.83548330094e-05
protection,16,0.00141367732815
contentions,1,8.83548330094e-05
represented,1,8.83548330094e-05
voice,1,8.83548330094e-05
rests,1,8.83548330094e-05
study,4,0.000353419332037
changed,1,8.83548330094e-05
envoy,3,0.000265064499028
reports,1,8.83548330094e-05
controversy,2,0.000176709666019
california,27,0.00238558049125
suitable,2,0.000176709666019
settled,2,0.000176709666019
punishment,1,8.83548330094e-05
secure,7,0.000618483831066
feelings,3,0.000265064499028
brought,3,0.000265064499028
moral,1,8.83548330094e-05
inculcation,1,8.83548330094e-05
would,23,0.00203216115922
to,480,0.0424103198445
agitation,2,0.000176709666019
arms,1,8.83548330094e-05
mediate,1,8.83548330094e-05
call,1,8.83548330094e-05
therefore,10,0.000883548330094
recommend,21,0.0018554514932
until,4,0.000353419332037
surveyor-general,1,8.83548330094e-05
barbarous,1,8.83548330094e-05
tranquillity,1,8.83548330094e-05
successful,4,0.000353419332037
wars,4,0.000353419332037
actuated,1,8.83548330094e-05
post-office,5,0.000441774165047
berlin,2,0.000176709666019
hold,1,8.83548330094e-05
tariff,1,8.83548330094e-05
circumstances,4,0.000353419332037
abundance,1,8.83548330094e-05
rights,6,0.000530128998056
pursue,1,8.83548330094e-05
work,8,0.000706838664075
entertained,1,8.83548330094e-05
mr,2,0.000176709666019
altering,1,8.83548330094e-05
my,40,0.00353419332037
route,3,0.000265064499028
defer,1,8.83548330094e-05
indicated,1,8.83548330094e-05
give,7,0.000618483831066
unjust,1,8.83548330094e-05
organized,2,0.000176709666019
impair,1,8.83548330094e-05
kingdoms,1,8.83548330094e-05
want,2,0.000176709666019
times,1,8.83548330094e-05
advancing,1,8.83548330094e-05
absolute,1,8.83548330094e-05
legislate,1,8.83548330094e-05
end,3,0.000265064499028
elicited,1,8.83548330094e-05
inhabitants,3,0.000265064499028
topographical,1,8.83548330094e-05
far,5,0.000441774165047
adjacent,1,8.83548330094e-05
answer,1,8.83548330094e-05
widespread,1,8.83548330094e-05
credential,1,8.83548330094e-05
commencing,1,8.83548330094e-05
after,5,0.000441774165047
customs,1,8.83548330094e-05
lay,1,8.83548330094e-05
destined,1,8.83548330094e-05
president,5,0.000441774165047
law,6,0.000530128998056
purchase,3,0.000265064499028
attempt,3,0.000265064499028
effective,2,0.000176709666019
hasty,1,8.83548330094e-05
acknowledged,1,8.83548330094e-05
perform,1,8.83548330094e-05
maintain,8,0.000706838664075
ultimate,1,8.83548330094e-05
suggest,3,0.000265064499028
order,3,0.000265064499028
operations,2,0.000176709666019
senators,1,8.83548330094e-05
cession,3,0.000265064499028
interpretation,1,8.83548330094e-05
office,5,0.000441774165047
consent,2,0.000176709666019
over,10,0.000883548330094
derided,1,8.83548330094e-05
before,13,0.00114861282912
fit,1,8.83548330094e-05
unforeseen,1,8.83548330094e-05
heretofore,5,0.000441774165047
better,1,8.83548330094e-05
production,1,8.83548330094e-05
encounter,1,8.83548330094e-05
enlisted,1,8.83548330094e-05
clause,1,8.83548330094e-05
confidently,1,8.83548330094e-05
then,3,0.000265064499028
them,26,0.00229722565824
prevented,1,8.83548330094e-05
they,15,0.00132532249514
guasacualco,1,8.83548330094e-05
schools,1,8.83548330094e-05
represents,1,8.83548330094e-05
netherlands,1,8.83548330094e-05
reasonably,1,8.83548330094e-05
stimulus,1,8.83548330094e-05
reasonable,4,0.000353419332037
each,6,0.000530128998056
lasting,1,8.83548330094e-05
interruption,2,0.000176709666019
observance,5,0.000441774165047
councils,1,8.83548330094e-05
list,1,8.83548330094e-05
principles,5,0.000441774165047
trading,1,8.83548330094e-05
navy,9,0.000795193497084
aids,1,8.83548330094e-05
collector,2,0.000176709666019
prohibitions,1,8.83548330094e-05
vessels,9,0.000795193497084
encourage,3,0.000265064499028
safety,1,8.83548330094e-05
venezuela,1,8.83548330094e-05
independence,6,0.000530128998056
foundation,1,8.83548330094e-05
provide,1,8.83548330094e-05
linear,1,8.83548330094e-05
love,1,8.83548330094e-05
veto,1,8.83548330094e-05
surveys,1,8.83548330094e-05
free,6,0.000530128998056
disputes,2,0.000176709666019
formation,3,0.000265064499028
forcibly,1,8.83548330094e-05
estimate,3,0.000265064499028
silent,1,8.83548330094e-05
clandestinely,1,8.83548330094e-05
custom-houses,1,8.83548330094e-05
renew,2,0.000176709666019
disturbed,1,8.83548330094e-05
speedy,2,0.000176709666019
uses,1,8.83548330094e-05
organize,1,8.83548330094e-05
render,4,0.000353419332037
primary,1,8.83548330094e-05
rank,3,0.000265064499028
adopted,5,0.000441774165047
another,4,0.000353419332037
service,10,0.000883548330094
indicate,1,8.83548330094e-05
engagement,1,8.83548330094e-05
rates,1,8.83548330094e-05
too,1,8.83548330094e-05
john,1,8.83548330094e-05
bitter,1,8.83548330094e-05
happily,1,8.83548330094e-05
occasioned,2,0.000176709666019
negotiating,1,8.83548330094e-05
wisdom,10,0.000883548330094
western,3,0.000265064499028
requisite,1,8.83548330094e-05
freemen,3,0.000265064499028
agriculturist,1,8.83548330094e-05
distance,2,0.000176709666019
admonitions,1,8.83548330094e-05
rate,1,8.83548330094e-05
nations,20,0.00176709666019
matter,4,0.000353419332037
feeling,3,0.000265064499028
powers,10,0.000883548330094
acquisition,1,8.83548330094e-05
willingness,1,8.83548330094e-05
respecting,1,8.83548330094e-05
mind,2,0.000176709666019
manner,2,0.000176709666019
impelled,1,8.83548330094e-05
seen,1,8.83548330094e-05
seem,3,0.000265064499028
regulate,1,8.83548330094e-05
seek,3,0.000265064499028
affairs,1,8.83548330094e-05
strength,4,0.000353419332037
latter,2,0.000176709666019
responsible,1,8.83548330094e-05
fitting,1,8.83548330094e-05
subjects,4,0.000353419332037
transmit,3,0.000265064499028
shall,36,0.00318077398834
object,10,0.000883548330094
exercised,1,8.83548330094e-05
extending,2,0.000176709666019
germany,2,0.000176709666019
letter,4,0.000353419332037
entry,1,8.83548330094e-05
grave,2,0.000176709666019
morality,1,8.83548330094e-05
assisting,1,8.83548330094e-05
prevails,1,8.83548330094e-05
m,1,8.83548330094e-05
treaty,36,0.00318077398834
desirous,1,8.83548330094e-05
points,2,0.000176709666019
enterprise,5,0.000441774165047
section,2,0.000176709666019
fitted,1,8.83548330094e-05
inspire,1,8.83548330094e-05
ending,2,0.000176709666019
undue,1,8.83548330094e-05
treaties,6,0.000530128998056
attempts,1,8.83548330094e-05
bulwer,1,8.83548330094e-05
uneasiness,1,8.83548330094e-05
liberty,1,8.83548330094e-05
respectfully,5,0.000441774165047
constituent,1,8.83548330094e-05
hungary,2,0.000176709666019
july,2,0.000176709666019
orleans,1,8.83548330094e-05
submit,5,0.000441774165047
proposed,11,0.000971903163103
theme,1,8.83548330094e-05
predecessor,11,0.000971903163103
do,8,0.000706838664075
remotest,1,8.83548330094e-05
de,1,8.83548330094e-05
perceive,1,8.83548330094e-05
coast,6,0.000530128998056
supplies,1,8.83548330094e-05
report,8,0.000706838664075
comply,3,0.000265064499028
countries,4,0.000353419332037
officially,1,8.83548330094e-05
public,11,0.000971903163103
secretary,13,0.00114861282912
reference,4,0.000353419332037
observes,1,8.83548330094e-05
expediency,1,8.83548330094e-05
depends,1,8.83548330094e-05
result,5,0.000441774165047
fail,3,0.000265064499028
best,8,0.000706838664075
subject,17,0.00150203216116
brazil,2,0.000176709666019
voyage,1,8.83548330094e-05
accede,2,0.000176709666019
capacity,2,0.000176709666019
lots,1,8.83548330094e-05
compensation,4,0.000353419332037
future,3,0.000265064499028
cooperation,2,0.000176709666019
we,24,0.00212051599222
never,1,8.83548330094e-05
terms,5,0.000441774165047
extend,4,0.000353419332037
nature,2,0.000176709666019
fruits,1,8.83548330094e-05
weak,1,8.83548330094e-05
however,3,0.000265064499028
extent,3,0.000265064499028
debt,1,8.83548330094e-05
improve,2,0.000176709666019
received,7,0.000618483831066
protect,6,0.000530128998056
country,20,0.00176709666019
ill,1,8.83548330094e-05
demanded,1,8.83548330094e-05
distinction,1,8.83548330094e-05
monopolize,1,8.83548330094e-05
expense,2,0.000176709666019
adapted,1,8.83548330094e-05
asked,1,8.83548330094e-05
negotiation,3,0.000265064499028
prospect,3,0.000265064499028
appeared,1,8.83548330094e-05
character,9,0.000795193497084
exercising,1,8.83548330094e-05
active,3,0.000265064499028
trust,2,0.000176709666019
gratitude,1,8.83548330094e-05
proceeded,1,8.83548330094e-05
basis,2,0.000176709666019
union,16,0.00141367732815
been,62,0.00547799964658
commission,2,0.000176709666019
much,3,0.000265064499028
interest,6,0.000530128998056
privilege,1,8.83548330094e-05
entered,2,0.000176709666019
duties,15,0.00132532249514
prosperous,1,8.83548330094e-05
eastern,1,8.83548330094e-05
wish,1,8.83548330094e-05
confinement,1,8.83548330094e-05
chili,1,8.83548330094e-05
commerce,12,0.00106025799611
contemplated,4,0.000353419332037
originate,2,0.000176709666019
employ,1,8.83548330094e-05
near,2,0.000176709666019
suppose,2,0.000176709666019
aid,8,0.000706838664075
reconnaissance,2,0.000176709666019
property,4,0.000353419332037
characterizing,1,8.83548330094e-05
natives,1,8.83548330094e-05
mexico,25,0.00220887082523
is,68,0.00600812864464
it,111,0.00980738646404
expenses,3,0.000265064499028
postmaster-general,2,0.000176709666019
in,208,0.0183778052659
if,15,0.00132532249514
patent,1,8.83548330094e-05
things,2,0.000176709666019
make,10,0.000883548330094
prussia,3,0.000265064499028
bestowal,1,8.83548330094e-05
harmony,3,0.000265064499028
several,3,0.000265064499028
european,1,8.83548330094e-05
independent,5,0.000441774165047
sacramento,1,8.83548330094e-05
evil,1,8.83548330094e-05
hand,1,8.83548330094e-05
liberties,2,0.000176709666019
military,9,0.000795193497084
forth,1,8.83548330094e-05
opportunity,3,0.000265064499028
prescribed,2,0.000176709666019
shortly,3,0.000265064499028
ocean,4,0.000353419332037
rome,2,0.000176709666019
greatest,2,0.000176709666019
qualities,1,8.83548330094e-05
claims,7,0.000618483831066
the,1092,0.0964834776462
left,4,0.000353419332037
opinions,1,8.83548330094e-05
protocol,1,8.83548330094e-05
just,4,0.000353419332037
assigned,1,8.83548330094e-05
proposes,1,8.83548330094e-05
grades,1,8.83548330094e-05
transporting,2,0.000176709666019
human,1,8.83548330094e-05
yet,7,0.000618483831066
regarded,3,0.000265064499028
had,14,0.00123696766213
exempting,1,8.83548330094e-05
greatly,2,0.000176709666019
collections,1,8.83548330094e-05
board,3,0.000265064499028
beloved,1,8.83548330094e-05
has,43,0.0037992578194
municipal,2,0.000176709666019
involuntary,1,8.83548330094e-05
possible,2,0.000176709666019
judge,3,0.000265064499028
advanced,1,8.83548330094e-05
desire,5,0.000441774165047
tendered,1,8.83548330094e-05
zeal,1,8.83548330094e-05
unnecessary,4,0.000353419332037
specific,1,8.83548330094e-05
steps,1,8.83548330094e-05
officer,2,0.000176709666019
security,1,8.83548330094e-05
sympathize,1,8.83548330094e-05
queretaro,1,8.83548330094e-05
beneficial,1,8.83548330094e-05
right,13,0.00114861282912
conciliation,1,8.83548330094e-05
people,28,0.00247393532426
successfully,1,8.83548330094e-05
election,1,8.83548330094e-05
dear,1,8.83548330094e-05
contests,1,8.83548330094e-05
rapidity,1,8.83548330094e-05
congratulate,1,8.83548330094e-05
for,100,0.00883548330094
unavoidable,1,8.83548330094e-05
everything,1,8.83548330094e-05
imposes,2,0.000176709666019
denied,1,8.83548330094e-05
offices,1,8.83548330094e-05
ordains,1,8.83548330094e-05
frankfort-on-the-main,1,8.83548330094e-05
confer,1,8.83548330094e-05
census,3,0.000265064499028
citizens,13,0.00114861282912
islands,6,0.000530128998056
efforts,3,0.000265064499028
functions,3,0.000265064499028
indians,1,8.83548330094e-05
formerly,2,0.000176709666019
civil,7,0.000618483831066
obtaining,4,0.000353419332037
bound,1,8.83548330094e-05
down,1,8.83548330094e-05
respectable,1,8.83548330094e-05
furnishing,1,8.83548330094e-05
reducing,2,0.000176709666019
existed,1,8.83548330094e-05
authorizes,1,8.83548330094e-05
attainments,1,8.83548330094e-05
indispensable,4,0.000353419332037
illustrious,2,0.000176709666019
sovereign,2,0.000176709666019
accordingly,1,8.83548330094e-05
authorized,2,0.000176709666019
way,1,8.83548330094e-05
resulted,1,8.83548330094e-05
was,28,0.00247393532426
war,10,0.000883548330094
happy,1,8.83548330094e-05
form,5,0.000441774165047
offer,2,0.000176709666019
some,11,0.000971903163103
differences,1,8.83548330094e-05
ceded,3,0.000265064499028
failure,1,8.83548330094e-05
talents,1,8.83548330094e-05
incorporation,2,0.000176709666019
alliance,1,8.83548330094e-05
sustained,3,0.000265064499028
true,3,0.000265064499028
continuance,4,0.000353419332037
counsel,1,8.83548330094e-05
portions,1,8.83548330094e-05
mails,1,8.83548330094e-05
liberal,3,0.000265064499028
evidence,1,8.83548330094e-05
claimants,1,8.83548330094e-05
ship,3,0.000265064499028
check,1,8.83548330094e-05
negotiations,2,0.000176709666019
constructed,4,0.000353419332037
lytton,1,8.83548330094e-05
marking,1,8.83548330094e-05
faithful,4,0.000353419332037
pledging,1,8.83548330094e-05
no,30,0.00265064499028
stake,1,8.83548330094e-05
when,8,0.000706838664075
uttered,1,8.83548330094e-05
interested,1,8.83548330094e-05
republic,11,0.000971903163103
holding,2,0.000176709666019
papers,1,8.83548330094e-05
permitting,1,8.83548330094e-05
welcome,2,0.000176709666019
partiality,1,8.83548330094e-05
invested,1,8.83548330094e-05
authorities,1,8.83548330094e-05
discharge,3,0.000265064499028
seeing,1,8.83548330094e-05
reorganization,1,8.83548330094e-05
longer,1,8.83548330094e-05
bestowed,1,8.83548330094e-05
interval,1,8.83548330094e-05
apprehensions,1,8.83548330094e-05
together,1,8.83548330094e-05
withhold,1,8.83548330094e-05
time,21,0.0018554514932
serious,4,0.000353419332037
undoubted,1,8.83548330094e-05
restored,1,8.83548330094e-05
tribunals,1,8.83548330094e-05
customary,1,8.83548330094e-05
corps,2,0.000176709666019
diplomacy,2,0.000176709666019
consul,2,0.000176709666019
grateful,1,8.83548330094e-05
devoted,1,8.83548330094e-05
certainly,2,0.000176709666019
depend,3,0.000265064499028
religion,2,0.000176709666019
father,1,8.83548330094e-05
passage,6,0.000530128998056
charge,4,0.000353419332037
unpleasant,1,8.83548330094e-05
permanently,1,8.83548330094e-05
marks,1,8.83548330094e-05
sovereignty,3,0.000265064499028
must,11,0.000971903163103
me,12,0.00106025799611
navigable,1,8.83548330094e-05
bluffs,1,8.83548330094e-05
choice,2,0.000176709666019
little,1,8.83548330094e-05
exact,1,8.83548330094e-05
governments,5,0.000441774165047
did,7,0.000618483831066
posts,1,8.83548330094e-05
solved,1,8.83548330094e-05
settle,3,0.000265064499028
upper,1,8.83548330094e-05
brave,1,8.83548330094e-05
regret,1,8.83548330094e-05
discover,1,8.83548330094e-05
cost,2,0.000176709666019
constitution,28,0.00247393532426
assistance,3,0.000265064499028
contracted,1,8.83548330094e-05
uniform,1,8.83548330094e-05
excites,1,8.83548330094e-05
international,1,8.83548330094e-05
staff,1,8.83548330094e-05
satisfy,1,8.83548330094e-05
transportation,2,0.000176709666019
guardian,1,8.83548330094e-05
designed,1,8.83548330094e-05
understanding,1,8.83548330094e-05
attainment,1,8.83548330094e-05
entertain,1,8.83548330094e-05
address,1,8.83548330094e-05
along,1,8.83548330094e-05
appears,1,8.83548330094e-05
supplying,1,8.83548330094e-05
sending,1,8.83548330094e-05
expressly,1,8.83548330094e-05
funded,2,0.000176709666019
commonly,1,8.83548330094e-05
example,2,0.000176709666019
accomplished,1,8.83548330094e-05
descended,1,8.83548330094e-05
navigation,2,0.000176709666019
retired,1,8.83548330094e-05
inducing,1,8.83548330094e-05
merely,1,8.83548330094e-05
prefer,1,8.83548330094e-05
modifying,1,8.83548330094e-05
patriots,3,0.000265064499028
market,1,8.83548330094e-05
undergone,1,8.83548330094e-05
wealth,3,0.000265064499028
prove,2,0.000176709666019
angry,1,8.83548330094e-05
ingenuity,1,8.83548330094e-05
predictions,1,8.83548330094e-05
france,4,0.000353419332037
wrongs,1,8.83548330094e-05
territories,11,0.000971903163103
cherished,2,0.000176709666019
upheld,1,8.83548330094e-05
memory,1,8.83548330094e-05
conformable,1,8.83548330094e-05
commissioner,2,0.000176709666019
afford,5,0.000441774165047
assent,1,8.83548330094e-05
oregon,6,0.000530128998056
odious,1,8.83548330094e-05
accustomed,1,8.83548330094e-05
cases,2,0.000176709666019
effort,2,0.000176709666019
behalf,1,8.83548330094e-05
tribunal,2,0.000176709666019
sphere,2,0.000176709666019
avoiding,1,8.83548330094e-05
originally,1,8.83548330094e-05
facilitating,1,8.83548330094e-05
districts,1,8.83548330094e-05
can,14,0.00123696766213
believed,5,0.000441774165047
making,5,0.000441774165047
exchanged,1,8.83548330094e-05
dedicated,2,0.000176709666019
months,1,8.83548330094e-05
downfall,1,8.83548330094e-05
december,1,8.83548330094e-05
sense,2,0.000176709666019
agent,4,0.000353419332037
performed,2,0.000176709666019
council,2,0.000176709666019
allowed,2,0.000176709666019
productive,1,8.83548330094e-05
secured,1,8.83548330094e-05
cuba,2,0.000176709666019
innumerable,1,8.83548330094e-05
chemical,1,8.83548330094e-05
infallibly,1,8.83548330094e-05
magyars,1,8.83548330094e-05
economy,2,0.000176709666019
paramount,1,8.83548330094e-05
may,33,0.00291570948931
southern,1,8.83548330094e-05
prohibition,1,8.83548330094e-05
date,1,8.83548330094e-05
representations,1,8.83548330094e-05
truly,2,0.000176709666019
disqualified,1,8.83548330094e-05
natural,1,8.83548330094e-05
conscious,1,8.83548330094e-05
whenever,2,0.000176709666019
st,5,0.000441774165047
hon,3,0.000265064499028
so,25,0.00220887082523
african,1,8.83548330094e-05
impartially,1,8.83548330094e-05
exclusive,1,8.83548330094e-05
furnished,1,8.83548330094e-05
indeed,2,0.000176709666019
years,3,0.000265064499028
stability,1,8.83548330094e-05
course,6,0.000530128998056
statistical,1,8.83548330094e-05
still,8,0.000706838664075
tendency,2,0.000176709666019
constituted,2,0.000176709666019
tending,1,8.83548330094e-05
acknowledge,1,8.83548330094e-05
infirmities,1,8.83548330094e-05
interesting,1,8.83548330094e-05
inferior,1,8.83548330094e-05
vicinity,1,8.83548330094e-05
forms,2,0.000176709666019
policy,14,0.00123696766213
mail,4,0.000353419332037
inefficiency,1,8.83548330094e-05
emigrants,1,8.83548330094e-05
correspondence,7,0.000618483831066
influences,1,8.83548330094e-05
thereby,1,8.83548330094e-05
views,7,0.000618483831066
nation,5,0.000441774165047
qualified,1,8.83548330094e-05
half,2,0.000176709666019
not,51,0.00450609648348
now,12,0.00106025799611
provision,7,0.000618483831066
nor,3,0.000265064499028
execute,3,0.000265064499028
name,5,0.000441774165047
lies,1,8.83548330094e-05
january,2,0.000176709666019
establishing,3,0.000265064499028
entirely,1,8.83548330094e-05
quarter,3,0.000265064499028
repaired,1,8.83548330094e-05
conventions,1,8.83548330094e-05
entering,2,0.000176709666019
year,8,0.000706838664075
avoided,2,0.000176709666019
self-government,2,0.000176709666019
shown,1,8.83548330094e-05
accomplish,1,8.83548330094e-05
concur,2,0.000176709666019
opened,3,0.000265064499028
intercourse,6,0.000530128998056
interference,3,0.000265064499028
increase,4,0.000353419332037
investigation,1,8.83548330094e-05
navigating,1,8.83548330094e-05
correct,1,8.83548330094e-05
assurance,1,8.83548330094e-05
earlier,1,8.83548330094e-05
lawmaker,1,8.83548330094e-05
derived,2,0.000176709666019
dispatched,2,0.000176709666019
seventh,1,8.83548330094e-05
advantages,4,0.000353419332037
inasmuch,1,8.83548330094e-05
dispatches,1,8.83548330094e-05
care,5,0.000441774165047
advance,1,8.83548330094e-05
language,1,8.83548330094e-05
contented,1,8.83548330094e-05
british,7,0.000618483831066
honest,1,8.83548330094e-05
place,2,0.000176709666019
routes,3,0.000265064499028
profess,1,8.83548330094e-05
think,2,0.000176709666019
first,7,0.000618483831066
emotion,1,8.83548330094e-05
henry,1,8.83548330094e-05
revenue,4,0.000353419332037
legislation,3,0.000265064499028
enjoining,1,8.83548330094e-05
one,9,0.000795193497084
omission,1,8.83548330094e-05
commissioners,2,0.000176709666019
amidst,1,8.83548330094e-05
carry,1,8.83548330094e-05
message,5,0.000441774165047
accountability,1,8.83548330094e-05
open,2,0.000176709666019
george,1,8.83548330094e-05
city,1,8.83548330094e-05
given,5,0.000441774165047
necessarily,1,8.83548330094e-05
wrath,1,8.83548330094e-05
district,3,0.000265064499028
guadalupe,4,0.000353419332037
convention,5,0.000441774165047
friend,1,8.83548330094e-05
gives,1,8.83548330094e-05
mining,3,0.000265064499028
that,148,0.0130765152854
copy,3,0.000265064499028
undoubtedly,1,8.83548330094e-05
than,6,0.000530128998056
population,2,0.000176709666019
accordance,6,0.000530128998056
framers,1,8.83548330094e-05
require,1,8.83548330094e-05
diplomatic,3,0.000265064499028
transferred,2,0.000176709666019
protected,2,0.000176709666019
were,13,0.00114861282912
oath,2,0.000176709666019
russia,3,0.000265064499028
and,386,0.0341049655416
san,4,0.000353419332037
angel,1,8.83548330094e-05
remained,1,8.83548330094e-05
topics,3,0.000265064499028
say,2,0.000176709666019
any,48,0.00424103198445
prosperity,6,0.000530128998056
efficient,1,8.83548330094e-05
foreigner,1,8.83548330094e-05
instructed,3,0.000265064499028
take,4,0.000353419332037
forming,1,8.83548330094e-05
interior,2,0.000176709666019
performance,2,0.000176709666019
begin,1,8.83548330094e-05
sure,1,8.83548330094e-05
enter,2,0.000176709666019
paid,2,0.000176709666019
printed,1,8.83548330094e-05
complaints,1,8.83548330094e-05
america,7,0.000618483831066
peaceful,1,8.83548330094e-05
forever,1,8.83548330094e-05
especially,8,0.000706838664075
considered,3,0.000265064499028
adopt,6,0.000530128998056
sale,1,8.83548330094e-05
slaves,1,8.83548330094e-05
salt,2,0.000176709666019
laws,16,0.00141367732815
show,1,8.83548330094e-05
german,6,0.000530128998056
pursuant,1,8.83548330094e-05
accession,1,8.83548330094e-05
sites,2,0.000176709666019
elevate,3,0.000265064499028
“the,1,8.83548330094e-05
rounded,2,0.000176709666019
ground,1,8.83548330094e-05
gulf,2,0.000176709666019
genius,1,8.83548330094e-05
proclamation,2,0.000176709666019
proportion,1,8.83548330094e-05
crime,1,8.83548330094e-05
liberation,1,8.83548330094e-05
only,7,0.000618483831066
believing,3,0.000265064499028
treasury,11,0.000971903163103
guarded,1,8.83548330094e-05
temporarily,1,8.83548330094e-05
sanguinary,1,8.83548330094e-05
contracts,1,8.83548330094e-05
designated,1,8.83548330094e-05
expectation,1,8.83548330094e-05
d'affaires,4,0.000353419332037
soon,2,0.000176709666019
nearly,1,8.83548330094e-05
distinctly,1,8.83548330094e-05
awaiting,2,0.000176709666019
boundary,3,0.000265064499028
borrow,1,8.83548330094e-05
yield,1,8.83548330094e-05
effectual,2,0.000176709666019
paper,1,8.83548330094e-05
where,2,0.000176709666019
communicated,1,8.83548330094e-05
honesty,1,8.83548330094e-05
imposing,1,8.83548330094e-05
violated,1,8.83548330094e-05
labors,1,8.83548330094e-05
elected,1,8.83548330094e-05
unfit,1,8.83548330094e-05
fidelity,2,0.000176709666019
encouraged,1,8.83548330094e-05
avails,1,8.83548330094e-05
representatives,6,0.000530128998056
navigated,1,8.83548330094e-05
enough,1,8.83548330094e-05
bureau,2,0.000176709666019
between,23,0.00203216115922
affecting,1,8.83548330094e-05
cautiously,3,0.000265064499028
across,8,0.000706838664075
arrival,2,0.000176709666019
august,2,0.000176709666019
inseparable,1,8.83548330094e-05
clayton,1,8.83548330094e-05
suppressed,1,8.83548330094e-05
isthmus,10,0.000883548330094
postage,5,0.000441774165047
embarrassment,1,8.83548330094e-05
many,3,0.000265064499028
schleswig-holstein,1,8.83548330094e-05
according,1,8.83548330094e-05
contract,1,8.83548330094e-05
personal,1,8.83548330094e-05
present,13,0.00114861282912
disappointment,1,8.83548330094e-05
expended,2,0.000176709666019
guardians,1,8.83548330094e-05
railway,1,8.83548330094e-05
expression,1,8.83548330094e-05
duty,10,0.000883548330094
among,6,0.000530128998056
period,6,0.000530128998056
satisfaction,2,0.000176709666019
maintained,1,8.83548330094e-05
endeavor,2,0.000176709666019
polk,1,8.83548330094e-05
come,1,8.83548330094e-05
informed,2,0.000176709666019
absence,1,8.83548330094e-05
fellow-citizens,2,0.000176709666019
cared,1,8.83548330094e-05
almighty,1,8.83548330094e-05
matured,1,8.83548330094e-05
dangers,1,8.83548330094e-05
wants,3,0.000265064499028
direction,1,8.83548330094e-05
enable,3,0.000265064499028
offered,1,8.83548330094e-05
blessing,1,8.83548330094e-05
implored,1,8.83548330094e-05
minister,11,0.000971903163103
declaration,1,8.83548330094e-05
scrupulously,1,8.83548330094e-05
careful,1,8.83548330094e-05
spirit,4,0.000353419332037
those,27,0.00238558049125
countless,1,8.83548330094e-05
case,6,0.000530128998056
subsisting,1,8.83548330094e-05
these,20,0.00176709666019
cash,2,0.000176709666019
conveyance,1,8.83548330094e-05
situation,2,0.000176709666019
abducted,1,8.83548330094e-05
taking,2,0.000176709666019
perpetuate,1,8.83548330094e-05
soil,2,0.000176709666019
sincere,2,0.000176709666019
prayer,1,8.83548330094e-05
engaged,5,0.000441774165047
embrace,1,8.83548330094e-05
adversely,1,8.83548330094e-05
expenditures,3,0.000265064499028
revolutions,2,0.000176709666019
preparatory,2,0.000176709666019
magyar,1,8.83548330094e-05
same,20,0.00176709666019
struggling,1,8.83548330094e-05
charge',1,8.83548330094e-05
events,1,8.83548330094e-05
exhaust,1,8.83548330094e-05
extended,3,0.000265064499028
well-directed,1,8.83548330094e-05
persons,1,8.83548330094e-05
delicate,1,8.83548330094e-05
devolved,1,8.83548330094e-05
granada,8,0.000706838664075
charges,3,0.000265064499028
constitutional,3,0.000265064499028
without,8,0.000706838664075
coordinate,3,0.000265064499028
justify,1,8.83548330094e-05
manifold,1,8.83548330094e-05
being,3,0.000265064499028
money,4,0.000353419332037
unconstitutional,1,8.83548330094e-05
rest,1,8.83548330094e-05
unofficial,1,8.83548330094e-05
steamer,1,8.83548330094e-05
mineralogical,1,8.83548330094e-05
renewed,1,8.83548330094e-05
legitimately,1,8.83548330094e-05
seems,1,8.83548330094e-05
except,4,0.000353419332037
geological,1,8.83548330094e-05
improvement,5,0.000441774165047
allude,1,8.83548330094e-05
extensive,2,0.000176709666019
overruling,1,8.83548330094e-05
kingdom,2,0.000176709666019
rules,2,0.000176709666019
conferring,1,8.83548330094e-05
sums,1,8.83548330094e-05
early,4,0.000353419332037
earnest,1,8.83548330094e-05
traffic,1,8.83548330094e-05
preference,1,8.83548330094e-05
schedules,2,0.000176709666019
world,8,0.000706838664075
railroad,5,0.000441774165047
execution,4,0.000353419332037
acquainted,1,8.83548330094e-05
benefit,3,0.000265064499028
either,6,0.000530128998056
occasions,2,0.000176709666019
reduced,2,0.000176709666019
obstruct,2,0.000176709666019
satisfactory,1,8.83548330094e-05
exposed,1,8.83548330094e-05
pacific,10,0.000883548330094
calculated,2,0.000176709666019
zealously,1,8.83548330094e-05
pursuance,1,8.83548330094e-05
divine,1,8.83548330094e-05
organizing,1,8.83548330094e-05
provided,7,0.000618483831066
confirm,2,0.000176709666019
footing,1,8.83548330094e-05
legal,1,8.83548330094e-05
deficit,4,0.000353419332037
moderate,1,8.83548330094e-05
freed,1,8.83548330094e-05
metropolis,1,8.83548330094e-05
scientific,1,8.83548330094e-05
power,18,0.00159038699417
communicate,1,8.83548330094e-05
intrusted,1,8.83548330094e-05
sixty,1,8.83548330094e-05
exciting,1,8.83548330094e-05
manufactures,3,0.000265064499028
on,72,0.00636154797667
central,6,0.000530128998056
hopkins,1,8.83548330094e-05
island,2,0.000176709666019
industry,4,0.000353419332037
mutually,1,8.83548330094e-05
stipulations,3,0.000265064499028
practicable,4,0.000353419332037
act,15,0.00132532249514
bond,1,8.83548330094e-05
or,44,0.00388761265241
road,1,8.83548330094e-05
lands,4,0.000353419332037
afforded,1,8.83548330094e-05
communication,9,0.000795193497084
blessed,1,8.83548330094e-05
accounts,1,8.83548330094e-05
determine,1,8.83548330094e-05
parties,3,0.000265064499028
hidalgo,4,0.000353419332037
intervention,2,0.000176709666019
her,21,0.0018554514932
calamities,1,8.83548330094e-05
assumed,1,8.83548330094e-05
strictly,2,0.000176709666019
distracted,2,0.000176709666019
disposed,3,0.000265064499028
strict,4,0.000353419332037
compensate,1,8.83548330094e-05
complete,3,0.000265064499028
vested,3,0.000265064499028
discriminations,1,8.83548330094e-05
regard,6,0.000530128998056
delayed,1,8.83548330094e-05
destinies,1,8.83548330094e-05
elimination,1,8.83548330094e-05
promote,3,0.000265064499028
with,114,0.0100724509631
ineffectually,1,8.83548330094e-05
furtherance,1,8.83548330094e-05
affection,2,0.000176709666019
expect,1,8.83548330094e-05
strongly,2,0.000176709666019
gone,2,0.000176709666019
certain,2,0.000176709666019
am,3,0.000265064499028
an,43,0.0037992578194
substantially,1,8.83548330094e-05
britain,7,0.000618483831066
ensuing,1,8.83548330094e-05
at,51,0.00450609648348
file,1,8.83548330094e-05
fill,1,8.83548330094e-05
again,2,0.000176709666019
onerous,1,8.83548330094e-05
stationed,1,8.83548330094e-05
sufferings,1,8.83548330094e-05
deserve,1,8.83548330094e-05
compel,1,8.83548330094e-05
abolish,1,8.83548330094e-05
terminating,1,8.83548330094e-05
you,7,0.000618483831066
briefly,1,8.83548330094e-05
formed,4,0.000353419332037
congress,59,0.00521293514755
separate,1,8.83548330094e-05
important,11,0.000971903163103
wounds,1,8.83548330094e-05
suited,1,8.83548330094e-05
conferred,2,0.000176709666019
included,1,8.83548330094e-05
fiscal,4,0.000353419332037
remote,2,0.000176709666019
mass,1,8.83548330094e-05
doubted,1,8.83548330094e-05
missouri,1,8.83548330094e-05
resolution,6,0.000530128998056
original,1,8.83548330094e-05
represent,1,8.83548330094e-05
all,44,0.00388761265241
surrounded,1,8.83548330094e-05
consider,1,8.83548330094e-05
caused,2,0.000176709666019
founded,2,0.000176709666019
welfare,1,8.83548330094e-05
allowances,1,8.83548330094e-05
decisions,1,8.83548330094e-05
children,1,8.83548330094e-05
causes,4,0.000353419332037
dreadful,1,8.83548330094e-05
referring,1,8.83548330094e-05
assuage,1,8.83548330094e-05
laid,4,0.000353419332037
removal,2,0.000176709666019
prophets,1,8.83548330094e-05
foster,1,8.83548330094e-05
preserved,3,0.000265064499028
th,13,0.00114861282912
health,1,8.83548330094e-05
enjoying,1,8.83548330094e-05
belonging,2,0.000176709666019
appointment,1,8.83548330094e-05
returning,1,8.83548330094e-05
very,5,0.000441774165047
induce,1,8.83548330094e-05
decide,3,0.000265064499028
condition,11,0.000971903163103
accompanying,4,0.000353419332037
benevolent,1,8.83548330094e-05
louis,1,8.83548330094e-05
laying,1,8.83548330094e-05
joined,1,8.83548330094e-05
large,6,0.000530128998056
amend,1,8.83548330094e-05
small,3,0.000265064499028
indemnity,1,8.83548330094e-05
penalties,1,8.83548330094e-05
past,6,0.000530128998056
negotiator,1,8.83548330094e-05
titles,2,0.000176709666019
pass,1,8.83548330094e-05
further,9,0.000795193497084
subagents,1,8.83548330094e-05
quicken,1,8.83548330094e-05
residue,1,8.83548330094e-05
what,2,0.000176709666019
stood,2,0.000176709666019
advantageous,1,8.83548330094e-05
deeply,1,8.83548330094e-05
sum,3,0.000265064499028
prevailed,1,8.83548330094e-05
method,1,8.83548330094e-05
full,7,0.000618483831066
component,1,8.83548330094e-05
directions,1,8.83548330094e-05
uninhabited,1,8.83548330094e-05
naval,4,0.000353419332037
extraordinary,5,0.000441774165047
inspired,1,8.83548330094e-05
compliance,3,0.000265064499028
experience,1,8.83548330094e-05
soldier,1,8.83548330094e-05
amount,2,0.000176709666019
extremes,1,8.83548330094e-05
social,1,8.83548330094e-05
action,6,0.000530128998056
authorize,2,0.000176709666019
family,1,8.83548330094e-05
transit,3,0.000265064499028
africa,1,8.83548330094e-05
put,1,8.83548330094e-05
apprised,2,0.000176709666019
sanction,1,8.83548330094e-05
establish,2,0.000176709666019
enlightened,1,8.83548330094e-05
legislator,2,0.000176709666019
attendance,1,8.83548330094e-05
proceed,3,0.000265064499028
faint,1,8.83548330094e-05
two,6,0.000530128998056
cultivation,1,8.83548330094e-05
archives,1,8.83548330094e-05
taken,4,0.000353419332037
promoting,1,8.83548330094e-05
more,5,0.000441774165047
company,1,8.83548330094e-05
tested,1,8.83548330094e-05
flag,1,8.83548330094e-05
controlling,1,8.83548330094e-05
deigned,1,8.83548330094e-05
particular,3,0.000265064499028
known,1,8.83548330094e-05
suffered,1,8.83548330094e-05
presumed,1,8.83548330094e-05
“preserve,1,8.83548330094e-05
remain,4,0.000353419332037
ineffectual,1,8.83548330094e-05
sent,2,0.000176709666019
abandon,1,8.83548330094e-05
history,1,8.83548330094e-05
purchases,1,8.83548330094e-05
prompt,1,8.83548330094e-05
stated,1,8.83548330094e-05
lives,1,8.83548330094e-05
share,1,8.83548330094e-05
states,64,0.0056547093126
collision,1,8.83548330094e-05
numbers,2,0.000176709666019
arise,4,0.000353419332037
cultivate,1,8.83548330094e-05
information,11,0.000971903163103
respective,2,0.000176709666019
court,1,8.83548330094e-05
acts,1,8.83548330094e-05
conducted,1,8.83548330094e-05
ratified,3,0.000265064499028
sacred,1,8.83548330094e-05
extinguished,1,8.83548330094e-05
sandwich,1,8.83548330094e-05
communicating,1,8.83548330094e-05
advice,3,0.000265064499028
interpose,2,0.000176709666019
different,3,0.000265064499028
reflect,1,8.83548330094e-05
fe,1,8.83548330094e-05
coming,1,8.83548330094e-05
invasion,2,0.000176709666019
response,1,8.83548330094e-05
a,175,0.0154620957766
refuse,1,8.83548330094e-05
short,2,0.000176709666019
prerequisites,1,8.83548330094e-05
register,2,0.000176709666019
wishes,3,0.000265064499028
responsibility,2,0.000176709666019
granted,2,0.000176709666019
mexican,4,0.000353419332037
september,1,8.83548330094e-05
mission,1,8.83548330094e-05
trade,2,0.000176709666019
disabled,1,8.83548330094e-05
held,1,8.83548330094e-05
already,4,0.000353419332037
through,9,0.000795193497084
unite,1,8.83548330094e-05
committed,3,0.000265064499028
existence,3,0.000265064499028
its,52,0.00459445131649
inquiries,1,8.83548330094e-05
rapidly,1,8.83548330094e-05
possessions,2,0.000176709666019
energies,1,8.83548330094e-05
late,8,0.000706838664075
resort,2,0.000176709666019
territorial,1,8.83548330094e-05
might,9,0.000795193497084
ally,2,0.000176709666019
good,1,8.83548330094e-05
seeking,1,8.83548330094e-05
propose,1,8.83548330094e-05
adoption,2,0.000176709666019
chagres,1,8.83548330094e-05
communities,1,8.83548330094e-05
instructions,2,0.000176709666019
erection,1,8.83548330094e-05
hereafter,1,8.83548330094e-05
always,2,0.000176709666019
evade,1,8.83548330094e-05
harbor,2,0.000176709666019
found,6,0.000530128998056
residing,1,8.83548330094e-05
friendship,1,8.83548330094e-05
ports,5,0.000441774165047
referred,1,8.83548330094e-05
everyone,2,0.000176709666019
england,1,8.83548330094e-05
house,3,0.000265064499028
energy,1,8.83548330094e-05
reduce,1,8.83548330094e-05
countrymen,3,0.000265064499028
connect,2,0.000176709666019
undertake,2,0.000176709666019
columbia,1,8.83548330094e-05
operation,5,0.000441774165047
beyond,1,8.83548330094e-05
event,4,0.000353419332037
since,6,0.000530128998056
trusts,1,8.83548330094e-05
acting,2,0.000176709666019
sustain,2,0.000176709666019
sympathized,1,8.83548330094e-05
highway,2,0.000176709666019
difficulty,3,0.000265064499028
reason,4,0.000353419332037
disposition,1,8.83548330094e-05
ask,2,0.000176709666019
earliest,1,8.83548330094e-05
revolutionary,1,8.83548330094e-05
owners,1,8.83548330094e-05
benefits,4,0.000353419332037
excluding,1,8.83548330094e-05
donelson,2,0.000176709666019
american,21,0.0018554514932
sensations,1,8.83548330094e-05
w,1,8.83548330094e-05
expedient,6,0.000530128998056
consequence,5,0.000441774165047
contingency,1,8.83548330094e-05
undergo,1,8.83548330094e-05
fallen,1,8.83548330094e-05
prevent,1,8.83548330094e-05
feel,1,8.83548330094e-05
belligerent,2,0.000176709666019
number,2,0.000176709666019
preservation,2,0.000176709666019
enlarged,1,8.83548330094e-05
revolution,1,8.83548330094e-05
rents,1,8.83548330094e-05
franked,1,8.83548330094e-05
exertions,2,0.000176709666019
heads,2,0.000176709666019
introduction,1,8.83548330094e-05
leading,2,0.000176709666019
construct,3,0.000265064499028
obligatory,2,0.000176709666019
belongs,1,8.83548330094e-05
passed,4,0.000353419332037
finances,1,8.83548330094e-05
lease,1,8.83548330094e-05
justly,1,8.83548330094e-05
statement,1,8.83548330094e-05
relieved,1,8.83548330094e-05
immediate,1,8.83548330094e-05
part,16,0.00141367732815
favorable,5,0.000441774165047
believe,4,0.000353419332037
king,2,0.000176709666019
kind,4,0.000353419332037
kindly,2,0.000176709666019
anticipate,1,8.83548330094e-05
instruction,1,8.83548330094e-05
redress,1,8.83548330094e-05
supposed,2,0.000176709666019
sister,2,0.000176709666019
toward,2,0.000176709666019
treated,1,8.83548330094e-05
declare,1,8.83548330094e-05
deciding,1,8.83548330094e-05
exert,1,8.83548330094e-05
strengthen,1,8.83548330094e-05
urgently,1,8.83548330094e-05
defect,1,8.83548330094e-05
substantial,1,8.83548330094e-05
servitude,1,8.83548330094e-05
organs,1,8.83548330094e-05
orders,2,0.000176709666019
built,2,0.000176709666019
officers,11,0.000971903163103
cargoes,3,0.000265064499028
also,11,0.000971903163103
populous,2,0.000176709666019
frauds,1,8.83548330094e-05
measures,7,0.000618483831066
gila,1,8.83548330094e-05
most,12,0.00106025799611
plan,5,0.000441774165047
undertaken,1,8.83548330094e-05
nothing,1,8.83548330094e-05
appear,4,0.000353419332037
mineral,4,0.000353419332037
seize,1,8.83548330094e-05
mediation,1,8.83548330094e-05
cover,2,0.000176709666019
charged,1,8.83548330094e-05
institutions,6,0.000530128998056
thomas,1,8.83548330094e-05
particularly,3,0.000265064499028
obligations,5,0.000441774165047
commissions,2,0.000176709666019
subtreasury,1,8.83548330094e-05
accommodations,1,8.83548330094e-05
session,3,0.000265064499028
completion,1,8.83548330094e-05
executed—these,1,8.83548330094e-05
securing,2,0.000176709666019
justice,2,0.000176709666019
appealing,1,8.83548330094e-05
his,20,0.00176709666019
invoke,1,8.83548330094e-05
meanwhile,2,0.000176709666019
adventurers,1,8.83548330094e-05
express,2,0.000176709666019
imparted,1,8.83548330094e-05
remedy,1,8.83548330094e-05
during,13,0.00114861282912
him,6,0.000530128998056
grievances,1,8.83548330094e-05
elapse,1,8.83548330094e-05
alteration,2,0.000176709666019
remove,1,8.83548330094e-05
proclaim,1,8.83548330094e-05
common,5,0.000441774165047
river,2,0.000176709666019
insensible,1,8.83548330094e-05
set,1,8.83548330094e-05
patriotism,7,0.000618483831066
intelligence,3,0.000265064499028
enjoyed,1,8.83548330094e-05
instituted,1,8.83548330094e-05
bitterness,1,8.83548330094e-05
severally,1,8.83548330094e-05
see,1,8.83548330094e-05
individual,2,0.000176709666019
are,22,0.00194380632621
sea,2,0.000176709666019
lisbon,1,8.83548330094e-05
close,1,8.83548330094e-05
materially,1,8.83548330094e-05
repairs,1,8.83548330094e-05
probable,4,0.000353419332037
tolls,2,0.000176709666019
various,1,8.83548330094e-05
probably,2,0.000176709666019
numerous,1,8.83548330094e-05
europe,3,0.000265064499028
recently,3,0.000265064499028
buoys,1,8.83548330094e-05
sold,1,8.83548330094e-05
attention,9,0.000795193497084
incident,1,8.83548330094e-05
diminution,1,8.83548330094e-05
both,5,0.000441774165047
last,9,0.000795193497084
appropriations,2,0.000176709666019
solely,1,8.83548330094e-05
annual,1,8.83548330094e-05
foreign,11,0.000971903163103
connection,1,8.83548330094e-05
protector,1,8.83548330094e-05
whole,5,0.000441774165047
defend”,1,8.83548330094e-05
point,1,8.83548330094e-05
reasons,1,8.83548330094e-05
ravages,1,8.83548330094e-05
whatever,5,0.000441774165047
deposits,1,8.83548330094e-05
regulated,1,8.83548330094e-05
adaptation,1,8.83548330094e-05
unsuccessful,2,0.000176709666019
vessel,2,0.000176709666019
ravaged,1,8.83548330094e-05
suppressing,1,8.83548330094e-05
instrument,1,8.83548330094e-05
acceptance,2,0.000176709666019
political,4,0.000353419332037
due,5,0.000441774165047
faithfully,2,0.000176709666019
change,2,0.000176709666019
maintenance,1,8.83548330094e-05
collected,1,8.83548330094e-05
extends,1,8.83548330094e-05
territory,25,0.00220887082523
indifferent,1,8.83548330094e-05
fund,2,0.000176709666019
moderation,1,8.83548330094e-05
determination,2,0.000176709666019
representative,2,0.000176709666019
demand,1,8.83548330094e-05
prices,1,8.83548330094e-05
utmost,1,8.83548330094e-05
look,4,0.000353419332037
judicial,6,0.000530128998056
governor,2,0.000176709666019
while,6,0.000530128998056
enact,1,8.83548330094e-05
endanger,1,8.83548330094e-05
unexampled,1,8.83548330094e-05
engineers,1,8.83548330094e-05
credence,1,8.83548330094e-05
portugal,3,0.000265064499028
century,1,8.83548330094e-05
cents,2,0.000176709666019
wherever,1,8.83548330094e-05
binding,1,8.83548330094e-05
herein,1,8.83548330094e-05
rio,1,8.83548330094e-05
itself,2,0.000176709666019
confining,1,8.83548330094e-05
owes,1,8.83548330094e-05
ready,2,0.000176709666019
alliances,1,8.83548330094e-05
ample,1,8.83548330094e-05
mint,1,8.83548330094e-05
shorten,1,8.83548330094e-05
concluding,2,0.000176709666019
conflict,2,0.000176709666019
development,1,8.83548330094e-05
moment,1,8.83548330094e-05
impede,1,8.83548330094e-05
purpose,10,0.000883548330094
necessity,2,0.000176709666019
aggregate,2,0.000176709666019
predecessors,2,0.000176709666019
recent,2,0.000176709666019
task,2,0.000176709666019
herewith,5,0.000441774165047
person,2,0.000176709666019
services,2,0.000176709666019
withdraw,1,8.83548330094e-05
organization,2,0.000176709666019
prevention,1,8.83548330094e-05
abstain,2,0.000176709666019
bearer,1,8.83548330094e-05
quarters,1,8.83548330094e-05
questions,1,8.83548330094e-05
regardless,1,8.83548330094e-05
alternative,1,8.83548330094e-05
tables,1,8.83548330094e-05
postal,2,0.000176709666019
$,9,0.000795193497084
admission,11,0.000971903163103
guaranteed,2,0.000176709666019
recommended,5,0.000441774165047
exclusively,2,0.000176709666019
speedily,1,8.83548330094e-05
source,1,8.83548330094e-05
harmonize,1,8.83548330094e-05
contrary,2,0.000176709666019
guarantees,1,8.83548330094e-05
complaint,2,0.000176709666019
march,4,0.000353419332037
vindicate,1,8.83548330094e-05
showing,1,8.83548330094e-05
matters,6,0.000530128998056
suffering,1,8.83548330094e-05
guide,1,8.83548330094e-05
modifications,1,8.83548330094e-05
imposed,1,8.83548330094e-05
d,3,0.000265064499028
resorted,1,8.83548330094e-05
addressed,1,8.83548330094e-05
strife,1,8.83548330094e-05
separately,1,8.83548330094e-05
individuals,3,0.000265064499028
yields,1,8.83548330094e-05
essential,1,8.83548330094e-05
valleys,1,8.83548330094e-05
often,2,0.000176709666019
senate,14,0.00123696766213
fathers,2,0.000176709666019
creation,1,8.83548330094e-05
arrived,1,8.83548330094e-05
understood,4,0.000353419332037
strongest,1,8.83548330094e-05
examples,1,8.83548330094e-05
advising,1,8.83548330094e-05
loftiest,1,8.83548330094e-05
nicaragua,7,0.000618483831066
ourselves,1,8.83548330094e-05
amicable,3,0.000265064499028
affects,1,8.83548330094e-05
decision,4,0.000353419332037
though,4,0.000353419332037
providence,3,0.000265064499028
civilization,2,0.000176709666019
prosecuted,1,8.83548330094e-05
invade,1,8.83548330094e-05
be,145,0.0128114507864
inconvenience,2,0.000176709666019
weightiest,1,8.83548330094e-05
remembered,1,8.83548330094e-05
peculiarly,2,0.000176709666019
dictates,1,8.83548330094e-05
continuing,1,8.83548330094e-05
confidence,4,0.000353419332037
santa,1,8.83548330094e-05
relating,1,8.83548330094e-05
by,130,0.0114861282912
faith,2,0.000176709666019
country”,1,8.83548330094e-05
amendment,1,8.83548330094e-05
reverence,1,8.83548330094e-05
into,18,0.00159038699417
within,10,0.000883548330094
unimpaired,1,8.83548330094e-05
persevering,1,8.83548330094e-05
neutrality,2,0.000176709666019
appropriate,1,8.83548330094e-05
controversies,1,8.83548330094e-05
remembrance,1,8.83548330094e-05
canal,10,0.000883548330094
statistics,1,8.83548330094e-05
papal,1,8.83548330094e-05
question,8,0.000706838664075
long,5,0.000441774165047
custom,1,8.83548330094e-05
occupy,2,0.000176709666019
suit,1,8.83548330094e-05
manufacture,1,8.83548330094e-05
himself,3,0.000265064499028
invite,2,0.000176709666019
light-houses,2,0.000176709666019
time-honored,1,8.83548330094e-05
hoped,4,0.000353419332037
properly,3,0.000265064499028
atlantic,4,0.000353419332037
hopes,2,0.000176709666019
line,3,0.000265064499028
legation,2,0.000176709666019
considerable,1,8.83548330094e-05
directed,5,0.000441774165047
consist,1,8.83548330094e-05
declarations,1,8.83548330094e-05
us,12,0.00106025799611
growth,1,8.83548330094e-05
exploration,2,0.000176709666019
similar,2,0.000176709666019
called,2,0.000176709666019
imposts,1,8.83548330094e-05
expedition,4,0.000353419332037
defined,1,8.83548330094e-05
overland,1,8.83548330094e-05
influence,3,0.000265064499028
deprive,1,8.83548330094e-05
single,1,8.83548330094e-05
warning,1,8.83548330094e-05
surveying,1,8.83548330094e-05
prevail,1,8.83548330094e-05
as,104,0.00918890263297
caracas,1,8.83548330094e-05
fixing,1,8.83548330094e-05
peace,4,0.000353419332037
preventing,1,8.83548330094e-05
application,3,0.000265064499028
bear,1,8.83548330094e-05
income,1,8.83548330094e-05
department,10,0.000883548330094
revision,1,8.83548330094e-05
energetic,1,8.83548330094e-05
beginnings,1,8.83548330094e-05
prosecution,1,8.83548330094e-05
pretended,1,8.83548330094e-05
prepared,2,0.000176709666019
regulations,1,8.83548330094e-05
restoration,1,8.83548330094e-05
validity,1,8.83548330094e-05
suppression,2,0.000176709666019
independently,1,8.83548330094e-05
statesman,1,8.83548330094e-05
practically,1,8.83548330094e-05
age,1,8.83548330094e-05
required,2,0.000176709666019
departments,5,0.000441774165047
ascertained,2,0.000176709666019
habitually,1,8.83548330094e-05
presenting,2,0.000176709666019
menace,1,8.83548330094e-05
requires,1,8.83548330094e-05
having,9,0.000795193497084
once,1,8.83548330094e-05
code,1,8.83548330094e-05
issued,1,8.83548330094e-05
results,1,8.83548330094e-05
existing,6,0.000530128998056
proposition,3,0.000265064499028
adjustment,6,0.000530128998056
seemed,1,8.83548330094e-05
enjoined,2,0.000176709666019
stable,2,0.000176709666019
expeditious,1,8.83548330094e-05
friendly,4,0.000353419332037
resources,2,0.000176709666019
prudence,1,8.83548330094e-05
foretell,1,8.83548330094e-05
continued,3,0.000265064499028
entire,2,0.000176709666019
transmission,1,8.83548330094e-05
notes,2,0.000176709666019
refer,4,0.000353419332037
enforce,1,8.83548330094e-05
concluded,2,0.000176709666019
bogota,1,8.83548330094e-05
encroachment,1,8.83548330094e-05
rivers,3,0.000265064499028
reunion,1,8.83548330094e-05
auspices,1,8.83548330094e-05
doctrines,1,8.83548330094e-05
slight,1,8.83548330094e-05
expressed,5,0.000441774165047
guaranties,5,0.000441774165047
access,1,8.83548330094e-05
indian,3,0.000265064499028
exercise,5,0.000441774165047
body,4,0.000353419332037
advantageously,1,8.83548330094e-05
led,3,0.000265064499028
eminently,3,0.000265064499028
commercial,3,0.000265064499028
delivering,1,8.83548330094e-05
objects,2,0.000176709666019
let,2,0.000176709666019
others,2,0.000176709666019
consideration,7,0.000618483831066
canals,1,8.83548330094e-05
extreme,1,8.83548330094e-05
great,26,0.00229722565824
engage,3,0.000265064499028
receive,3,0.000265064499028
mosquito,1,8.83548330094e-05
survey,2,0.000176709666019
definitively,1,8.83548330094e-05
principally,1,8.83548330094e-05
opinion,7,0.000618483831066
honor,5,0.000441774165047
involves,1,8.83548330094e-05
composed,3,0.000265064499028
examining,2,0.000176709666019
examinations,1,8.83548330094e-05
steamers,2,0.000176709666019
claim,2,0.000176709666019
presidents,1,8.83548330094e-05
apprehensive,1,8.83548330094e-05
private,2,0.000176709666019
austria,2,0.000176709666019
apply,2,0.000176709666019
standing,1,8.83548330094e-05
use,4,0.000353419332037
from,42,0.00371090298639
remains,2,0.000176709666019
encroachments,1,8.83548330094e-05
next,3,0.000265064499028
few,1,8.83548330094e-05
doubt,3,0.000265064499028
butler,1,8.83548330094e-05
themselves,7,0.000618483831066
possession,2,0.000176709666019
parliament,1,8.83548330094e-05
becomes,2,0.000176709666019
occurred,3,0.000265064499028
astoria,1,8.83548330094e-05
cooperate,1,8.83548330094e-05
carrying,1,8.83548330094e-05
diffuse,1,8.83548330094e-05
procuring,1,8.83548330094e-05
appointed,4,0.000353419332037
account,2,0.000176709666019
augment,1,8.83548330094e-05
this,62,0.00547799964658
of,757,0.0668846085881
meet,3,0.000265064499028
conformity,1,8.83548330094e-05
purity,3,0.000265064499028
control,3,0.000265064499028
distractions,1,8.83548330094e-05
tax,1,8.83548330094e-05
high,3,0.000265064499028
native,1,8.83548330094e-05
hesitate,2,0.000176709666019
united,43,0.0037992578194
destroying,1,8.83548330094e-05
permission,2,0.000176709666019
arrangement,7,0.000618483831066
delay,2,0.000176709666019
procured,1,8.83548330094e-05
swear,1,8.83548330094e-05
sentiments,1,8.83548330094e-05
attachment,1,8.83548330094e-05
instead,2,0.000176709666019
establishment,8,0.000706838664075
stand,5,0.000441774165047
fostered,1,8.83548330094e-05
sir,1,8.83548330094e-05
waters,1,8.83548330094e-05
await,1,8.83548330094e-05
collection,1,8.83548330094e-05
abuse,1,8.83548330094e-05
ties,1,8.83548330094e-05
indemnifying,1,8.83548330094e-05
lines,1,8.83548330094e-05
interrupted,1,8.83548330094e-05
element,1,8.83548330094e-05
chief,2,0.000176709666019
divided,1,8.83548330094e-05
furnish,1,8.83548330094e-05
franking,1,8.83548330094e-05
sedulous,1,8.83548330094e-05
produced,2,0.000176709666019
rendered,3,0.000265064499028
earth,4,0.000353419332037
mentioned,2,0.000176709666019
agricultural,3,0.000265064499028
perfect,2,0.000176709666019
regions,1,8.83548330094e-05
negotiated,5,0.000441774165047
chosen,1,8.83548330094e-05
ships,1,8.83548330094e-05
responsibilities,1,8.83548330094e-05
accredited,3,0.000265064499028
labor,2,0.000176709666019
permanent,5,0.000441774165047
restrain,1,8.83548330094e-05
criminal,1,8.83548330094e-05
eastward,1,8.83548330094e-05
contention,1,8.83548330094e-05
christianizing,1,8.83548330094e-05
plenipotentiary,4,0.000353419332037
material,1,8.83548330094e-05
ambition,1,8.83548330094e-05
republican,3,0.000265064499028
affections,2,0.000176709666019
day,8,0.000706838664075
february,3,0.000265064499028
profound,2,0.000176709666019
undertaking,3,0.000265064499028
accompanies,1,8.83548330094e-05
sufficiently,2,0.000176709666019
magnitude,1,8.83548330094e-05
transmitted,1,8.83548330094e-05
mode,1,8.83548330094e-05
unshaken,1,8.83548330094e-05
pursuits,3,0.000265064499028
constitute,2,0.000176709666019
books,1,8.83548330094e-05
promulgation,1,8.83548330094e-05
sectional,1,8.83548330094e-05
our,97,0.00857041880191
agriculture,4,0.000353419332037
special,2,0.000176709666019
out,3,0.000265064499028
gallant,1,8.83548330094e-05
sentiment,2,0.000176709666019
frontier,2,0.000176709666019
defend,2,0.000176709666019
your,9,0.000795193497084
honorable,4,0.000353419332037
cause,5,0.000441774165047
alleged,1,8.83548330094e-05
that--,2,0.000176709666019
delegates,1,8.83548330094e-05
promptly,2,0.000176709666019
york,2,0.000176709666019
avowed,1,8.83548330094e-05
receipts,1,8.83548330094e-05
prepare,1,8.83548330094e-05
deprecated,1,8.83548330094e-05
could,5,0.000441774165047
feasible,2,0.000176709666019
elector,1,8.83548330094e-05
length,4,0.000353419332037
ratification,3,0.000265064499028
south,2,0.000176709666019
mankind,1,8.83548330094e-05
degree,1,8.83548330094e-05
there,17,0.00150203216116
powerful,1,8.83548330094e-05
owned,1,8.83548330094e-05
hitherto,2,0.000176709666019
embarrassed,1,8.83548330094e-05
improvements,1,8.83548330094e-05
proposing,1,8.83548330094e-05
such,49,0.00432938681746
reached,1,8.83548330094e-05
eminence,1,8.83548330094e-05
legislative,6,0.000530128998056
salutary,1,8.83548330094e-05
publication,1,8.83548330094e-05
bears,1,8.83548330094e-05
system,11,0.000971903163103
relations,13,0.00114861282912
their,40,0.00353419332037
painful,2,0.000176709666019
interests,9,0.000795193497084
branches,3,0.000265064499028
inestimable,1,8.83548330094e-05
herself,2,0.000176709666019
commence,1,8.83548330094e-05
commandant,3,0.000265064499028
beg,1,8.83548330094e-05
submitted,12,0.00106025799611
sweden,1,8.83548330094e-05
defense,1,8.83548330094e-05
loves,1,8.83548330094e-05
dissensions,1,8.83548330094e-05
visited,1,8.83548330094e-05
providing,2,0.000176709666019
distinguished,1,8.83548330094e-05
devotion,1,8.83548330094e-05
collecting,1,8.83548330094e-05
arduous,1,8.83548330094e-05
discussions,1,8.83548330094e-05
have,69,0.00609648347765
dictate,1,8.83548330094e-05
need,1,8.83548330094e-05
exhibit,1,8.83548330094e-05
border,1,8.83548330094e-05
viewed,1,8.83548330094e-05
necessities,1,8.83548330094e-05
pursued,1,8.83548330094e-05
able,3,0.000265064499028
apprise,1,8.83548330094e-05
which,92,0.00812864463686
unsettled,1,8.83548330094e-05
injunctions,2,0.000176709666019
who,24,0.00212051599222
procure,1,8.83548330094e-05
courtesy,1,8.83548330094e-05
connected,6,0.000530128998056
preliminary,1,8.83548330094e-05
device,1,8.83548330094e-05
transcript,1,8.83548330094e-05
payment,3,0.000265064499028
statute,1,8.83548330094e-05
deny,1,8.83548330094e-05
admonish,1,8.83548330094e-05
thanksgiving,1,8.83548330094e-05
enlist,1,8.83548330094e-05
occasion,1,8.83548330094e-05
ensued,1,8.83548330094e-05
arrangements,2,0.000176709666019
violation,1,8.83548330094e-05
bring,1,8.83548330094e-05
asylum,2,0.000176709666019
principal,2,0.000176709666019
knowledge,1,8.83548330094e-05
entangling,2,0.000176709666019
should,46,0.00406432231843
unable,2,0.000176709666019
constituents,1,8.83548330094e-05
employed,3,0.000265064499028
local,2,0.000176709666019
hope,3,0.000265064499028
vigor,1,8.83548330094e-05
means,10,0.000883548330094
maritime,5,0.000441774165047
legitimate,1,8.83548330094e-05
magistrate,1,8.83548330094e-05
glory,1,8.83548330094e-05
denmark,3,0.000265064499028
calling,1,8.83548330094e-05
she,2,0.000176709666019
contain,1,8.83548330094e-05
including,2,0.000176709666019
fixed,2,0.000176709666019
conduct,1,8.83548330094e-05
generations,1,8.83548330094e-05
view,7,0.000618483831066
conform,1,8.83548330094e-05
multiplying,1,8.83548330094e-05
constructing,2,0.000176709666019
exists,1,8.83548330094e-05
national,9,0.000795193497084
capitalists,2,0.000176709666019
merits,1,8.83548330094e-05
usefulness,1,8.83548330094e-05
destiny,1,8.83548330094e-05
frankfort,3,0.000265064499028
tend,2,0.000176709666019
favor,1,8.83548330094e-05
state,36,0.00318077398834
difficulties,2,0.000176709666019
progress,4,0.000353419332037
neither,1,8.83548330094e-05
admiration,1,8.83548330094e-05
ends,1,8.83548330094e-05
sole,1,8.83548330094e-05
ability,3,0.000265064499028
opening,2,0.000176709666019
importance,1,8.83548330094e-05
agencies,1,8.83548330094e-05
interfere,3,0.000265064499028
efficiency,4,0.000353419332037
approval,1,8.83548330094e-05
instant,2,0.000176709666019
limits,1,8.83548330094e-05
invited,2,0.000176709666019
equal,4,0.000353419332037
april,2,0.000176709666019
admit,1,8.83548330094e-05
conquerors,1,8.83548330094e-05
conquered,1,8.83548330094e-05
passing,1,8.83548330094e-05
heart,2,0.000176709666019
safely,2,0.000176709666019
adjusted,1,8.83548330094e-05
diligently,1,8.83548330094e-05
fostering,1,8.83548330094e-05
commend,1,8.83548330094e-05
army,5,0.000441774165047
respect,5,0.000441774165047
attorney-general,1,8.83548330094e-05
addition,1,8.83548330094e-05
recognize,1,8.83548330094e-05
armistice,1,8.83548330094e-05
contribute,1,8.83548330094e-05
proudest,1,8.83548330094e-05
sufficient,4,0.000353419332037
assert,1,8.83548330094e-05
expenditure,2,0.000176709666019
ours,1,8.83548330094e-05
general,8,0.000706838664075
spain,1,8.83548330094e-05
land,1,8.83548330094e-05
abandoned,1,8.83548330094e-05
fearful,1,8.83548330094e-05
examine,3,0.000265064499028
value,1,8.83548330094e-05
will,59,0.00521293514755
texas,3,0.000265064499028
promoted,1,8.83548330094e-05
resident,1,8.83548330094e-05
thus,6,0.000530128998056
encouragement,4,0.000353419332037
examined,1,8.83548330094e-05
against,5,0.000441774165047
requisitions,3,0.000265064499028
claimed,2,0.000176709666019
greater,1,8.83548330094e-05
janeiro,1,8.83548330094e-05
administration,4,0.000353419332037
enumeration,2,0.000176709666019
parts,1,8.83548330094e-05
merciful,1,8.83548330094e-05
geographical,3,0.000265064499028
party,2,0.000176709666019
difficult,3,0.000265064499028
conflicting,3,0.000265064499028
practice,2,0.000176709666019
slave,1,8.83548330094e-05
rightfully,1,8.83548330094e-05
upon,23,0.00203216115922
effect,7,0.000618483831066
whale,1,8.83548330094e-05
liberality,1,8.83548330094e-05
judgment,3,0.000265064499028
insure,3,0.000265064499028
appropriated,1,8.83548330094e-05
off,1,8.83548330094e-05
fully,1,8.83548330094e-05
i,109,0.00963067679802
obstacles,2,0.000176709666019
well,11,0.000971903163103
thought,4,0.000353419332037
retiring,1,8.83548330094e-05
command,3,0.000265064499028
position,6,0.000530128998056
latest,3,0.000265064499028
restore,1,8.83548330094e-05
less,3,0.000265064499028
accurate,1,8.83548330094e-05
executive,12,0.00106025799611
domestic,7,0.000618483831066
obtain,2,0.000176709666019
sources,1,8.83548330094e-05
distant,3,0.000265064499028
protecting,3,0.000265064499028
happiness,3,0.000265064499028
kindness,1,8.83548330094e-05
interoceanic,2,0.000176709666019
lake,2,0.000176709666019
combine,1,8.83548330094e-05
maintaining,1,8.83548330094e-05
citizen,1,8.83548330094e-05
earnestly,2,0.000176709666019
ought,6,0.000530128998056
resolved,1,8.83548330094e-05
increased,2,0.000176709666019
provisions,5,0.000441774165047
government,53,0.0046828061495
republics,3,0.000265064499028
elapsed,1,8.83548330094e-05
five,1,8.83548330094e-05
know,1,8.83548330094e-05
burden,1,8.83548330094e-05
belgium,1,8.83548330094e-05
immediately,2,0.000176709666019
prominent,1,8.83548330094e-05
necessary,16,0.00141367732815
like,1,8.83548330094e-05
success,3,0.000265064499028
admitted,3,0.000265064499028
warned,1,8.83548330094e-05
become,8,0.000706838664075
italian,1,8.83548330094e-05
therein,1,8.83548330094e-05
exceed,1,8.83548330094e-05
because,2,0.000176709666019
guaranty,1,8.83548330094e-05
contemporaneous,1,8.83548330094e-05
authority,7,0.000618483831066
immortal,1,8.83548330094e-05
francisco,2,0.000176709666019
recommendation,1,8.83548330094e-05
proper,6,0.000530128998056
home,3,0.000265064499028
empire,9,0.000795193497084
employment,2,0.000176709666019
lead,1,8.83548330094e-05
avoid,3,0.000265064499028
annex,2,0.000176709666019
mines,1,8.83548330094e-05
does,2,0.000176709666019
discretion,1,8.83548330094e-05
obey,1,8.83548330094e-05
reaching,1,8.83548330094e-05
how,1,8.83548330094e-05
prohibited,1,8.83548330094e-05
although,4,0.000353419332037
worthy,2,0.000176709666019
posterity,2,0.000176709666019
analyses,1,8.83548330094e-05
loans,1,8.83548330094e-05
inconsiderate,1,8.83548330094e-05
about,1,8.83548330094e-05
actual,2,0.000176709666019
carried,3,0.000265064499028
extension,4,0.000353419332037
freedom,1,8.83548330094e-05
urged,1,8.83548330094e-05
blessings,4,0.000353419332037
dominion,2,0.000176709666019
gainer,1,8.83548330094e-05
equally,2,0.000176709666019
own,12,0.00106025799611
letters,3,0.000265064499028
owe,1,8.83548330094e-05
washington,4,0.000353419332037
lawful,3,0.000265064499028
doubtless,1,8.83548330094e-05
terminated,1,8.83548330094e-05
additional,2,0.000176709666019
confident,1,8.83548330094e-05
transfer,1,8.83548330094e-05
support,2,0.000176709666019
reduction,4,0.000353419332037
intention,1,8.83548330094e-05
joaquin,1,8.83548330094e-05
venezuelan,1,8.83548330094e-05
appointing,1,8.83548330094e-05
north,2,0.000176709666019
amity,4,0.000353419332037
but,24,0.00212051599222
expected,3,0.000265064499028
neutral,5,0.000441774165047
construction,8,0.000706838664075
threaten,1,8.83548330094e-05
highest,2,0.000176709666019
memphis,1,8.83548330094e-05
he,8,0.000706838664075
made,21,0.0018554514932
wise,1,8.83548330094e-05
places,1,8.83548330094e-05
whether,6,0.000530128998056
meeting,1,8.83548330094e-05
official,1,8.83548330094e-05
signed,1,8.83548330094e-05
excitement,2,0.000176709666019
placed,1,8.83548330094e-05
monument,1,8.83548330094e-05
cordial,2,0.000176709666019
begun,1,8.83548330094e-05
devise,2,0.000176709666019
inadequate,1,8.83548330094e-05
measure,5,0.000441774165047
rejected,1,8.83548330094e-05
periods,1,8.83548330094e-05
goodness,1,8.83548330094e-05
ambassadors,1,8.83548330094e-05
education,2,0.000176709666019
effected,1,8.83548330094e-05
diego,1,8.83548330094e-05
mutual,1,8.83548330094e-05
compared,1,8.83548330094e-05
contest,2,0.000176709666019
lately,2,0.000176709666019
other,27,0.00238558049125
details,1,8.83548330094e-05
branch,4,0.000353419332037
conclusion,1,8.83548330094e-05
empires,1,8.83548330094e-05
expositions,1,8.83548330094e-05
repeat,1,8.83548330094e-05
june,4,0.000353419332037
stay,1,8.83548330094e-05
refreshments,1,8.83548330094e-05
augmentation,1,8.83548330094e-05
jackson,1,8.83548330094e-05
incurred,2,0.000176709666019
appoint,1,8.83548330094e-05
pestilence,1,8.83548330094e-05
rule,1,8.83548330094e-05
portion,2,0.000176709666019
recalled,1,8.83548330094e-05
commencement,3,0.000265064499028
